Subject_ID,FINAL_MOTION_QC
51456,1.25
51457,1
51458,1.25
51459,1.25
51460,1.25
51461,1
51462,1.25
51463,1.75
51464,1.25
51465,1.25
51466,1.25
51467,1.25
51468,1.25
51469,1.5
51470,1.25
51471,1
51472,1.25
51473,1.25
51474,1
51475,1
51476,1.25
51477,1.25
51478,1.25
51479,1.25
51480,1
51481,1
51482,1
51483,1
51484,1
51485,1
51486,1.25
51487,1
51488,1.25
51489,1
51490,1.25
51491,1.25
51492,1.25
51493,1.25
50642,1.5
50643,1.25
50644,2
50645,1
50646,1
50647,1
50648,1
50649,1
50650,1
50651,1
50652,1
50653,1
50654,1
50655,2
50656,1
50657,1
50658,1
50659,1.5
50660,1.25
50661,1
50663,1.5
50664,1
50665,1
50666,1
50667,2
50668,1.25
50669,1.25
BNI_1_29006,NA
BNI_1_29007,NA
BNI_1_29008,NA
BNI_1_29009,NA
BNI_1_29010,NA
BNI_1_29011,NA
BNI_1_29012,NA
BNI_1_29013,NA
BNI_1_29014,NA
BNI_1_29015,NA
BNI_1_29016,NA
BNI_1_29017,NA
BNI_1_29018,NA
BNI_1_29019,NA
BNI_1_29020,NA
BNI_1_29021,NA
BNI_1_29022,NA
BNI_1_29023,NA
BNI_1_29024,NA
BNI_1_29025,NA
BNI_1_29026,NA
BNI_1_29027,NA
BNI_1_29028,NA
BNI_1_29029,NA
BNI_1_29030,NA
BNI_1_29031,NA
BNI_1_29032,NA
BNI_1_29033,NA
BNI_1_29034,NA
BNI_1_29035,NA
BNI_1_29036,NA
BNI_1_29037,NA
BNI_1_29038,NA
BNI_1_29039,NA
BNI_1_29040,NA
BNI_1_29041,NA
BNI_1_29042,NA
BNI_1_29043,NA
BNI_1_29044,NA
BNI_1_29045,NA
BNI_1_29046,NA
BNI_1_29047,NA
BNI_1_29048,NA
BNI_1_29049,NA
BNI_1_29050,NA
BNI_1_29051,NA
BNI_1_29052,NA
BNI_1_29053,NA
BNI_1_29054,NA
BNI_1_29055,NA
BNI_1_29056,NA
BNI_1_30144,NA
BNI_1_30146,NA
BNI_1_30147,NA
BNI_1_30148,NA
BNI_1_30149,NA
BNI_1_30150,NA
BNI_1_30151,NA
EMC_1_29864,NA
EMC_1_29865,NA
EMC_1_29866,NA
EMC_1_29867,NA
EMC_1_29868,NA
EMC_1_29869,NA
EMC_1_29870,NA
EMC_1_29871,NA
EMC_1_29872,NA
EMC_1_29873,NA
EMC_1_29874,NA
EMC_1_29875,NA
EMC_1_29876,NA
EMC_1_29877,NA
EMC_1_29878,NA
EMC_1_29879,NA
EMC_1_29880,NA
EMC_1_29881,NA
EMC_1_29882,NA
EMC_1_29883,NA
EMC_1_29884,NA
EMC_1_29885,NA
EMC_1_29886,NA
EMC_1_29887,NA
EMC_1_29888,NA
EMC_1_29889,NA
EMC_1_29890,NA
EMC_1_29891,NA
EMC_1_29892,NA
EMC_1_29893,NA
EMC_1_29894,NA
EMC_1_29895,NA
EMC_1_29896,NA
EMC_1_29897,NA
EMC_1_29898,NA
EMC_1_29899,NA
EMC_1_29900,NA
EMC_1_29901,NA
EMC_1_29902,NA
EMC_1_29903,NA
EMC_1_29904,NA
EMC_1_29905,NA
EMC_1_29906,NA
EMC_1_29907,NA
EMC_1_29908,NA
EMC_1_29909,NA
EMC_1_29910,NA
EMC_1_29911,NA
EMC_1_29912,NA
EMC_1_29913,NA
EMC_1_29914,NA
EMC_1_29915,NA
EMC_1_29916,NA
EMC_1_29917,NA
ETH_1_29057,NA
ETH_1_29058,NA
ETH_1_29059,NA
ETH_1_29060,NA
ETH_1_29062,NA
ETH_1_29063,NA
ETH_1_29064,NA
ETH_1_29065,NA
ETH_1_29066,NA
ETH_1_29067,NA
ETH_1_29068,NA
ETH_1_29069,NA
ETH_1_29070,NA
ETH_1_29071,NA
ETH_1_29072,NA
ETH_1_29073,NA
ETH_1_29074,NA
ETH_1_29075,NA
ETH_1_29076,NA
ETH_1_29077,NA
ETH_1_29078,NA
ETH_1_29079,NA
ETH_1_29080,NA
ETH_1_29081,NA
ETH_1_29082,NA
ETH_1_29083,NA
ETH_1_29084,NA
ETH_1_29085,NA
ETH_1_29086,NA
ETH_1_29087,NA
ETH_1_29088,NA
ETH_1_29089,NA
ETH_1_29090,NA
ETH_1_29091,NA
ETH_1_29092,NA
ETH_1_29093,NA
ETH_1_29094,NA
GU_1_28741,2.5
GU_1_28742,2
GU_1_28743,1.25
GU_1_28744,2
GU_1_28745,3
GU_1_28746,2.5
GU_1_28747,2
GU_1_28748,1.25
GU_1_28749,2
GU_1_28750,2
GU_1_28751,2
GU_1_28752,3
GU_1_28753,2
GU_1_28754,3
GU_1_28755,2.5
GU_1_28756,4
GU_1_28757,2.5
GU_1_28758,2.5
GU_1_28759,2.75
GU_1_28760,1.25
GU_1_28761,3
GU_1_28762,1
GU_1_28763,2
GU_1_28764,4
GU_1_28765,1
GU_1_28766,3
GU_1_28767,2.75
GU_1_28768,3
GU_1_28769,3.75
GU_1_28770,3
GU_1_28771,3
GU_1_28772,2.5
GU_1_28773,4
GU_1_28774,3
GU_1_28775,3
GU_1_28776,4
GU_1_28777,3.25
GU_1_28778,2
GU_1_28779,1
GU_1_28780,2
GU_1_28781,4
GU_1_28782,4
GU_1_28783,2.75
GU_1_28784,3.75
GU_1_28785,2
GU_1_28786,2
GU_1_28787,1.25
GU_1_28788,2.75
GU_1_28789,2.5
GU_1_28790,2
GU_1_28791,3
GU_1_28792,2
GU_1_28793,1.25
GU_1_28794,4
GU_1_28795,1.75
GU_1_28796,1.5
GU_1_28797,1.5
GU_1_28798,2
GU_1_28799,4
GU_1_28800,2
GU_1_28801,2.5
GU_1_28802,4
GU_1_28803,2.75
GU_1_28804,2.75
GU_1_28805,3
GU_1_28806,1.25
GU_1_28807,4
GU_1_28808,1.5
GU_1_28809,3
GU_1_28810,2
GU_1_28811,2.5
GU_1_28812,2.5
GU_1_28813,1.75
GU_1_28814,2.5
GU_1_28815,3
GU_1_28816,4
GU_1_28817,2.75
GU_1_28818,4
GU_1_28819,3.75
GU_1_28820,2.75
GU_1_28821,2.5
GU_1_28822,2
GU_1_28823,4
GU_1_28824,2
GU_1_28825,3
GU_1_28826,1.5
GU_1_28827,2.5
GU_1_28828,1.75
GU_1_28829,1.75
GU_1_28830,2.75
GU_1_28831,3
GU_1_28832,3.25
GU_1_28834,2.75
GU_1_28835,2
GU_1_28836,2.5
GU_1_28837,2
GU_1_28838,3
GU_1_28839,2.75
GU_1_28840,3
GU_1_28841,2.75
GU_1_28842,2.75
GU_1_28843,3
GU_1_28844,1.75
GU_1_28845,1.75
GU_1_28846,1.25
GU_1_28847,1.5
IP_1_29580,1.5
IP_1_29581,1.25
IP_1_29582,2.5
IP_1_29583,1.25
IP_1_29584,1.25
IP_1_29585,1.25
IP_1_29586,1
IP_1_29587,2.5
IP_1_29588,2.75
IP_1_29589,1.25
IP_1_29590,1.25
IP_1_29591,3.75
IP_1_29592,1.25
IP_1_29593,1.25
IP_1_29594,1.25
IP_1_29595,1.25
IP_1_29596,1.5
IP_1_29597,1.25
IP_1_29598,1.25
IP_1_29599,4
IP_1_29600,1.25
IP_1_29601,1.5
IP_1_29602,1.25
IP_1_29603,1.25
IP_1_29604,1.25
IP_1_29605,1.25
IP_1_29606,1.75
IP_1_29607,1.25
IP_1_29608,1.25
IP_1_29609,2.5
IP_1_29610,1.25
IP_1_29611,1.25
IP_1_29612,1.25
IP_1_29613,1.5
IP_1_29614,2
IP_1_29615,3
IP_1_29616,1.25
IP_1_29617,1.5
IP_1_29618,1.25
IP_1_29619,1.25
IP_1_29620,2
IP_1_29621,3
IP_1_29622,2.5
IP_1_29623,3.25
IP_1_29624,1.75
IP_1_29625,1.25
IP_1_29626,3.25
IP_1_29627,1.25
IP_1_29628,3.75
IP_1_29629,2
IP_1_29630,3.75
IP_1_29631,1.25
IP_1_29632,3.75
IP_1_29633,1.25
IP_1_29634,1.5
IP_1_29635,1
IU_1_29538,2
IU_1_29539,1.5
IU_1_29540,3
IU_1_29541,1
IU_1_29542,2
IU_1_29543,2.5
IU_1_29544,1.5
IU_1_29545,1
IU_1_29546,1.25
IU_1_29547,1
IU_1_29548,1
IU_1_29549,2
IU_1_29550,1.25
IU_1_29551,1.5
IU_1_29552,2.5
IU_1_29553,1.5
IU_1_29554,1.5
IU_1_29555,1
IU_1_29556,1.25
IU_1_29557,1.5
IU_1_29558,2.75
IU_1_29559,1
IU_1_29560,1.25
IU_1_29561,4
IU_1_29562,1.25
IU_1_29563,1.25
IU_1_29564,1
IU_1_29565,3
IU_1_29566,1.25
IU_1_29567,1.25
IU_1_29568,1.25
IU_1_29569,1.25
IU_1_29570,1.25
IU_1_29571,1.25
IU_1_29572,1
IU_1_29573,1.25
IU_1_29574,1
IU_1_29575,1.25
IU_1_29576,4
IU_1_29577,2.5
KKI_1_29273,2.5
KKI_1_29274,3
KKI_1_29275,1
KKI_1_29276,2
KKI_1_29277,1
KKI_1_29278,1.25
KKI_1_29279,2.5
KKI_1_29280,2.5
KKI_1_29281,2.5
KKI_1_29282,3.25
KKI_1_29283,1
KKI_1_29284,1.75
KKI_1_29285,3
KKI_1_29286,1.25
KKI_1_29287,1.5
KKI_1_29288,2.5
KKI_1_29289,1.25
KKI_1_29290,3
KKI_1_29291,2.5
KKI_1_29292,4
KKI_1_29293,3
KKI_1_29294,1.75
KKI_1_29295,4
KKI_1_29296,1.5
KKI_1_29297,1.5
KKI_1_29298,1
KKI_1_29299,1
KKI_1_29300,1.25
KKI_1_29301,1
KKI_1_29302,2.5
KKI_1_29303,2.5
KKI_1_29304,1
KKI_1_29305,1.25
KKI_1_29306,1.75
KKI_1_29307,3
KKI_1_29308,3
KKI_1_29309,1.25
KKI_1_29310,2
KKI_1_29311,3
KKI_1_29312,1
KKI_1_29313,1.25
KKI_1_29314,2.5
KKI_1_29315,2.5
KKI_1_29316,1.5
KKI_1_29317,1.5
KKI_1_29318,3
KKI_1_29319,1.25
KKI_1_29320,3
KKI_1_29321,1
KKI_1_29322,1
KKI_1_29323,1.25
KKI_1_29324,2
KKI_1_29325,1
KKI_1_29326,2
KKI_1_29327,2
KKI_1_29328,1.5
KKI_1_29329,1.25
KKI_1_29330,3
KKI_1_29331,1.5
KKI_1_29332,1.25
KKI_1_29333,1.25
KKI_1_29334,1.25
KKI_1_29335,2
KKI_1_29336,1
KKI_1_29337,1.25
KKI_1_29338,2.5
KKI_1_29339,1.25
KKI_1_29340,1.5
KKI_1_29341,1
KKI_1_29342,2.5
KKI_1_29343,1
KKI_1_29344,1
KKI_1_29345,1.25
KKI_1_29346,1
KKI_1_29347,1.25
KKI_1_29348,1
KKI_1_29349,1.25
KKI_1_29350,1
KKI_1_29351,1.25
KKI_1_29352,3
KKI_1_29353,2.75
KKI_1_29354,2
KKI_1_29355,1
KKI_1_29356,1.5
KKI_1_29357,2
KKI_1_29358,1
KKI_1_29359,1
KKI_1_29360,3.75
KKI_1_29361,3
KKI_1_29362,2.5
KKI_1_29363,3
KKI_1_29364,1
KKI_1_29365,1.25
KKI_1_29366,1.5
KKI_1_29367,2.5
KKI_1_29368,1.25
KKI_1_29369,1
KKI_1_29370,3
KKI_1_29371,1.25
KKI_1_29372,4
KKI_1_29373,1.5
KKI_1_29374,3
KKI_1_29375,1.5
KKI_1_29376,2.5
KKI_1_29377,2.5
KKI_1_29378,1.75
KKI_1_29379,1.25
KKI_1_29380,1
KKI_1_29381,1.5
KKI_1_29382,2
KKI_1_29383,1
KKI_1_29384,1
KKI_1_29385,2.5
KKI_1_29386,1
KKI_1_29387,1.25
KKI_1_29388,2.5
KKI_1_29389,1.5
KKI_1_29390,2.75
KKI_1_29391,3
KKI_1_29392,2
KKI_1_29393,3
KKI_1_29394,4
KKI_1_29395,1
KKI_1_29396,2
KKI_1_29397,1.5
KKI_1_29398,4
KKI_1_29399,1.25
KKI_1_29400,2
KKI_1_29401,2
KKI_1_29402,1.25
KKI_1_29403,1
KKI_1_29404,2.75
KKI_1_29405,1
KKI_1_29407,1
KKI_1_29408,3
KKI_1_29409,1.75
KKI_1_29410,3
KKI_1_29411,1.25
KKI_1_29412,1.25
KKI_1_29413,2.5
KKI_1_29414,2.5
KKI_1_29415,2
KKI_1_29416,3
KKI_1_29417,2.5
KKI_1_29418,3
KKI_1_29419,1
KKI_1_29420,1
KKI_1_29421,1.25
KKI_1_29422,3
KKI_1_29423,1.25
KKI_1_29424,3
KKI_1_29425,1
KKI_1_29427,1.25
KKI_1_29428,1.25
KKI_1_29429,1
KKI_1_29430,2
KKI_1_29431,2
KKI_1_29432,1
KKI_1_29433,2.75
KKI_1_29434,1.5
KKI_1_29435,1
KKI_1_29436,3
KKI_1_29437,1.25
KKI_1_29438,1.25
KKI_1_29439,1.75
KKI_1_29440,1.25
KKI_1_29441,1
KKI_1_29442,1
KKI_1_29443,1.75
KKI_1_29444,1.75
KKI_1_29445,1.25
KKI_1_29446,2.5
KKI_1_29447,3
KKI_1_29448,2.5
KKI_1_29449,1
KKI_1_29450,2
KKI_1_29451,1
KKI_1_29452,2.5
KKI_1_29453,1
KKI_1_29454,1
KKI_1_29455,1
KKI_1_29456,1.5
KKI_1_29457,1
KKI_1_29458,3
KKI_1_29459,1.25
KKI_1_29460,1
KKI_1_29461,2.5
KKI_1_29462,1.75
KKI_1_29463,1
KKI_1_29464,1
KKI_1_29465,1.25
KKI_1_29466,2
KKI_1_29467,1.25
KKI_1_29468,2.5
KKI_1_29469,2
KKI_1_29470,1.25
KKI_1_29471,1
KKI_1_29472,1.25
KKI_1_29473,1.25
KKI_1_29474,1
KKI_1_29475,1.25
KKI_1_29476,1.25
KKI_1_29477,1.25
KKI_1_29478,1
KKI_1_29479,2
KKI_1_29480,2.5
KKI_1_29481,2.5
KKI_1_29482,1.25
KKI_1_29483,1
KKI_1_29484,1.25
KKI_1_29485,1.25
KUL_1_29656,NA
KUL_1_29657,NA
KUL_1_29658,NA
KUL_1_29659,NA
KUL_1_29660,NA
KUL_1_29661,NA
KUL_1_29662,NA
KUL_1_29664,NA
KUL_1_29665,NA
KUL_1_29666,NA
KUL_1_29667,NA
KUL_1_29668,NA
KUL_1_29669,NA
KUL_1_29670,NA
KUL_1_29671,NA
KUL_1_29674,NA
KUL_1_29675,NA
KUL_1_29676,NA
KUL_1_29677,NA
KUL_1_29678,NA
KUL_1_29679,NA
KUL_1_29794,NA
KUL_1_29795,NA
KUL_1_29796,NA
KUL_1_29797,NA
KUL_1_29798,NA
KUL_1_29799,NA
KUL_1_29800,NA
NYU_1_29177,2
NYU_1_29178,2.5
NYU_1_29179,3
NYU_1_29180,2.5
NYU_1_29181,1.25
NYU_1_29182,1.25
NYU_1_29183,1.25
NYU_1_29184,1.5
NYU_1_29185,1.25
NYU_1_29186,1.25
NYU_1_29187,1.25
NYU_1_29188,1.5
NYU_1_29189,1.5
NYU_1_29190,1
NYU_1_29191,1.25
NYU_1_29192,1.25
NYU_1_29193,2.5
NYU_1_29194,1.75
NYU_1_29195,2.5
NYU_1_29196,1.25
NYU_1_29197,1
NYU_1_29198,1
NYU_1_29199,2.5
NYU_1_29200,1.75
NYU_1_29201,1.25
NYU_1_29202,1.25
NYU_1_29203,1.25
NYU_1_29204,1.25
NYU_1_29205,1
NYU_1_29206,1
NYU_1_29207,3
NYU_1_29208,2.5
NYU_1_29209,2.75
NYU_1_29210,1.75
NYU_1_29211,1.25
NYU_1_29212,1
NYU_1_29213,1.25
NYU_1_29214,1
NYU_1_29215,1.75
NYU_1_29216,2.5
NYU_1_29217,1.25
NYU_1_29218,1.25
NYU_1_29219,2.5
NYU_1_29220,1
NYU_1_29221,1.75
NYU_1_29222,1.25
NYU_1_29223,2.75
NYU_1_29224,2
NYU_1_29225,2
NYU_1_29226,1.75
NYU_1_29227,1.75
NYU_1_29228,1.5
NYU_1_29229,1.5
NYU_1_29230,1.75
NYU_1_29231,2.5
NYU_1_29232,2
NYU_1_29233,1.75
NYU_1_29234,3
NYU_1_29235,1.75
NYU_1_29236,1.5
NYU_1_29237,1.25
NYU_1_29238,1.75
NYU_1_29239,1.25
NYU_1_29240,1.25
NYU_1_29241,2
NYU_1_29242,1
NYU_1_29243,1.25
NYU_1_29244,1
NYU_1_29245,2
NYU_1_29246,1.25
NYU_1_29247,1.5
NYU_1_29248,1.25
NYU_1_29249,2
NYU_1_29250,1.25
NYU_1_29251,1.25
NYU_1_29252,1.25
NYU_1_29253,2.75
NYU_1_29254,1.5
NYU_2_29150,2.5
NYU_2_29151,2.75
NYU_2_29152,1.5
NYU_2_29153,2
NYU_2_29154,1.75
NYU_2_29155,2
NYU_2_29156,2
NYU_2_29157,2.5
NYU_2_29158,1.5
NYU_2_29159,2
NYU_2_29160,1.5
NYU_2_29161,1.5
NYU_2_29162,1.5
NYU_2_29163,3
NYU_2_29164,1.5
NYU_2_29165,2.5
NYU_2_29166,2.5
NYU_2_29167,2.5
NYU_2_29168,1
NYU_2_29169,1.25
NYU_2_29170,2.5
NYU_2_29171,2
NYU_2_29172,1.25
NYU_2_29173,2
NYU_2_29174,2.5
NYU_2_29175,2.5
NYU_2_29176,2.5
OHSU_1_28920,1.25
OHSU_1_28924,1.5
OHSU_1_28925,1.5
OHSU_1_28926,1.5
OHSU_1_28927,1.75
OHSU_1_28930,2.5
OHSU_1_28931,1.25
OHSU_1_28933,2.5
OHSU_1_28934,3
OHSU_1_28935,1.75
OHSU_1_28936,3
OHSU_1_28937,2
OHSU_1_28938,1.75
OHSU_1_28939,1.25
OHSU_1_28940,2
OHSU_1_28941,1.25
OHSU_1_28942,1.5
OHSU_1_28943,1.5
OHSU_1_28944,1.5
OHSU_1_28945,1.25
OHSU_1_28946,1.25
OHSU_1_28947,1.75
OHSU_1_28948,1.5
OHSU_1_28949,1.5
OHSU_1_28950,1.75
OHSU_1_28951,2
OHSU_1_28952,1.5
OHSU_1_28953,2
OHSU_1_28954,1.25
OHSU_1_28955,1.75
OHSU_1_28956,1.5
OHSU_1_28957,1.25
OHSU_1_28958,1.25
OHSU_1_28960,1.75
OHSU_1_28961,1.25
OHSU_1_28962,2
OHSU_1_28963,2.5
OHSU_1_28964,2.5
OHSU_1_28965,3.75
OHSU_1_28966,1.25
OHSU_1_28967,1.25
OHSU_1_28968,1.25
OHSU_1_28969,1.75
OHSU_1_28970,1.25
OHSU_1_28971,1.25
OHSU_1_28972,1.25
OHSU_1_28973,1.25
OHSU_1_28974,1.5
OHSU_1_28975,1.75
OHSU_1_28976,1.5
OHSU_1_28977,1.25
OHSU_1_28978,1.5
OHSU_1_28979,1.25
OHSU_1_28980,1.75
OHSU_1_28981,2.5
OHSU_1_28982,1.25
OHSU_1_28983,1.25
OHSU_1_28984,1.5
OHSU_1_28985,1.25
OHSU_1_28986,1.25
OHSU_1_28987,1.5
OHSU_1_28988,1
OHSU_1_28989,1.25
OHSU_1_28990,1
OHSU_1_28991,1
OHSU_1_28992,1
OHSU_1_28993,1
OHSU_1_28994,1.25
OHSU_1_28995,1.25
OHSU_1_28996,1.5
OHSU_1_28997,1.25
OHSU_1_28998,1.75
OHSU_1_28999,1.25
OHSU_1_29000,1.5
OHSU_1_29001,1
OHSU_1_29002,1.25
OHSU_1_29003,1.75
OHSU_1_29004,1.25
OHSU_1_29005,2
OHSU_1_30154,1.25
OHSU_1_30155,1
OHSU_1_30156,1.25
OHSU_1_30157,1.25
OHSU_1_30158,1
OHSU_1_30159,1.5
OHSU_1_30160,1.25
OHSU_1_30161,2
OHSU_1_30162,1
OHSU_1_30163,2.5
OHSU_1_30164,1.25
OHSU_1_30165,1.25
OHSU_1_30166,1
OHSU_1_30167,1
ONRC_2_28675,NA
ONRC_2_28676,NA
ONRC_2_28677,NA
ONRC_2_28678,NA
ONRC_2_28679,NA
ONRC_2_28680,NA
ONRC_2_28681,NA
ONRC_2_28682,NA
ONRC_2_28683,NA
ONRC_2_28684,NA
ONRC_2_28685,NA
ONRC_2_28686,NA
ONRC_2_28687,NA
ONRC_2_28688,NA
ONRC_2_28689,NA
ONRC_2_28690,NA
ONRC_2_28691,NA
ONRC_2_28692,NA
ONRC_2_28693,NA
ONRC_2_28694,NA
ONRC_2_28695,NA
ONRC_2_28696,NA
ONRC_2_28697,NA
ONRC_2_28698,NA
ONRC_2_28699,NA
ONRC_2_28700,NA
ONRC_2_28701,NA
ONRC_2_28702,NA
ONRC_2_28703,NA
ONRC_2_28704,NA
ONRC_2_28705,NA
ONRC_2_28706,NA
ONRC_2_28707,NA
ONRC_2_28708,NA
ONRC_2_28709,NA
ONRC_2_28710,NA
ONRC_2_28711,NA
ONRC_2_28712,NA
ONRC_2_28713,NA
ONRC_2_28714,NA
ONRC_2_28715,NA
ONRC_2_28716,NA
ONRC_2_28717,NA
ONRC_2_28718,NA
ONRC_2_28719,NA
ONRC_2_28720,NA
ONRC_2_28721,NA
ONRC_2_28722,NA
ONRC_2_28723,NA
ONRC_2_28724,NA
ONRC_2_28725,NA
ONRC_2_28726,NA
ONRC_2_28727,NA
ONRC_2_28728,NA
ONRC_2_28729,NA
ONRC_2_28730,NA
ONRC_2_28731,NA
ONRC_2_28732,NA
ONRC_2_28733,NA
SDSU_1_28852,2.5
SDSU_1_28853,2.5
SDSU_1_28854,1.75
SDSU_1_28855,1.25
SDSU_1_28856,4
SDSU_1_28857,1.5
SDSU_1_28858,2
SDSU_1_28859,1.75
SDSU_1_28860,1.25
SDSU_1_28861,2
SDSU_1_28862,3
SDSU_1_28863,1.25
SDSU_1_28864,1
SDSU_1_28865,1
SDSU_1_28866,2
SDSU_1_28867,1
SDSU_1_28868,1.75
SDSU_1_28869,1.5
SDSU_1_28870,1
SDSU_1_28871,1.5
SDSU_1_28872,1
SDSU_1_28873,1.25
SDSU_1_28874,1
SDSU_1_28875,2.5
SDSU_1_28876,1
SDSU_1_28877,2.5
SDSU_1_28878,1.25
SDSU_1_28879,2.5
SDSU_1_28880,1.75
SDSU_1_28881,2
SDSU_1_28882,1
SDSU_1_28883,1.25
SDSU_1_28884,2.5
SDSU_1_28885,1.5
SDSU_1_28886,2.5
SDSU_1_28887,3
SDSU_1_28888,1
SDSU_1_28889,1.5
SDSU_1_28890,1.25
SDSU_1_28891,1.75
SDSU_1_28892,2
SDSU_1_28893,1
SDSU_1_28894,1.25
SDSU_1_28895,2
SDSU_1_28896,2
SDSU_1_28897,1
SDSU_1_28898,1.5
SDSU_1_28899,2
SDSU_1_28900,1.5
SDSU_1_28901,2.75
SDSU_1_28902,1
SDSU_1_28903,1.25
SDSU_1_28904,1
SDSU_1_28905,1.5
SDSU_1_28906,1.75
SDSU_1_28907,2.5
SDSU_1_28908,1.75
SDSU_1_28909,1.75
TCD_1_29096,NA
TCD_1_29097,NA
TCD_1_29098,NA
TCD_1_29099,NA
TCD_1_29100,NA
TCD_1_29101,NA
TCD_1_29102,NA
TCD_1_29103,NA
TCD_1_29104,NA
TCD_1_29105,NA
TCD_1_29106,NA
TCD_1_29107,NA
TCD_1_29108,NA
TCD_1_29109,NA
TCD_1_29110,NA
TCD_1_29111,NA
TCD_1_29112,NA
TCD_1_29113,NA
TCD_1_29114,NA
TCD_1_29115,NA
TCD_1_29116,NA
TCD_1_29117,NA
TCD_1_29118,NA
TCD_1_29119,NA
TCD_1_29120,NA
TCD_1_29121,NA
TCD_1_29122,NA
TCD_1_29123,NA
TCD_1_29124,NA
TCD_1_29125,NA
TCD_1_29126,NA
TCD_1_29127,NA
TCD_1_29128,NA
TCD_1_29129,NA
TCD_1_29130,NA
TCD_1_29131,NA
TCD_1_29132,NA
TCD_1_29133,NA
TCD_1_29134,NA
TCD_1_29135,NA
TCD_1_29136,NA
TCD_1_29137,NA
UCD_1_29997,2.5
UCD_1_29998,1.5
UCD_1_29999,3.25
UCD_1_30000,1
UCD_1_30001,1
UCD_1_30002,3.25
UCD_1_30003,1
UCD_1_30004,1
UCD_1_30005,2.5
UCD_1_30006,2
UCD_1_30007,1.25
UCD_1_30008,1.75
UCD_1_30009,3
UCD_1_30010,1
UCD_1_30011,1.75
UCD_1_30012,1
UCD_1_30013,2.5
UCD_1_30014,1
UCD_1_30015,2
UCD_1_30016,2.5
UCD_1_30017,2.5
UCD_1_30018,1.5
UCD_1_30019,1
UCD_1_30020,1.25
UCD_1_30021,1.25
UCD_1_30022,4
UCD_1_30023,2.5
UCD_1_30024,2
UCD_1_30026,2.5
UCD_1_30027,3
UCD_1_30028,1
UCD_1_30029,2
UCLA_1_29728,3
UCLA_1_29729,2
UCLA_1_29730,1.25
UCLA_1_29731,1.25
UCLA_1_29732,2.5
UCLA_1_29733,3
UCLA_1_29734,4
UCLA_1_29735,2
UCLA_1_29736,3
UCLA_1_29737,1.5
UCLA_1_29738,3
UCLA_1_29739,2
UCLA_1_29740,3
UCLA_1_29741,4
UCLA_1_29742,4
UCLA_1_29743,2.75
UCLA_1_29744,3
UCLA_1_29745,3.25
UCLA_1_29746,1
UCLA_1_29747,1.25
UCLA_1_29748,2.75
UCLA_1_29749,2.5
UCLA_1_29750,2
UCLA_1_29751,4
UCLA_1_29752,3
UCLA_1_29753,1.25
UCLA_1_29754,3
UCLA_1_29755,2
UCLA_1_29756,2.5
UCLA_1_29757,1
UCLA_1_29758,2.5
UCLA_1_29759,1.5
USM_1_29495,NA
USM_1_29496,NA
USM_1_29497,NA
USM_1_29498,NA
USM_1_29499,NA
USM_1_29500,NA
USM_1_29501,NA
USM_1_29502,NA
USM_1_29503,NA
USM_1_29504,NA
USM_1_29505,NA
USM_1_29506,NA
USM_1_29507,NA
USM_1_29508,NA
USM_1_29509,NA
USM_1_29510,NA
USM_1_29511,NA
USM_1_29512,NA
USM_1_29513,NA
USM_1_29514,NA
USM_1_29515,NA
USM_1_29516,NA
USM_1_29517,NA
USM_1_29518,NA
USM_1_29519,NA
USM_1_29520,NA
USM_1_29521,NA
USM_1_29522,NA
USM_1_29523,NA
USM_1_29524,NA
USM_1_29525,NA
USM_1_29526,NA
USM_1_29527,NA
KKI_50772,2.5
KKI_50773,1.25
KKI_50774,1.5
KKI_50775,1.25
KKI_50776,1
KKI_50777,1.25
KKI_50778,1
KKI_50779,3.25
KKI_50780,2.5
KKI_50781,1.25
KKI_50782,1
KKI_50783,1
KKI_50784,3
KKI_50785,4
KKI_50786,1.5
KKI_50787,2.75
KKI_50788,3
KKI_50789,3
KKI_50790,1
KKI_50791,1
KKI_50792,2.75
KKI_50793,1.5
KKI_50794,3
KKI_50795,3
KKI_50796,1.25
KKI_50797,2.5
KKI_50798,1.5
KKI_50799,1
KKI_50800,2.5
KKI_50801,1.25
KKI_50802,1
KKI_50803,1
KKI_50804,1
KKI_50805,1
KKI_50806,3.25
KKI_50807,1.75
KKI_50808,2.75
KKI_50809,1.5
KKI_50810,1
KKI_50811,2
KKI_50812,2.75
KKI_50813,1.25
KKI_50814,1
KKI_50816,3
KKI_50817,2.5
KKI_50818,1
KKI_50819,1
KKI_50820,1
KKI_50821,2
KKI_50822,2.5
KKI_50823,1
KKI_50824,3
KKI_50825,3.75
KKI_50826,4
LEUVEN_1_50682,NA
LEUVEN_1_50683,NA
LEUVEN_1_50685,NA
LEUVEN_1_50686,NA
LEUVEN_1_50687,NA
LEUVEN_1_50688,NA
LEUVEN_1_50689,NA
LEUVEN_1_50690,NA
LEUVEN_1_50691,NA
LEUVEN_1_50692,NA
LEUVEN_1_50693,NA
LEUVEN_1_50694,NA
LEUVEN_1_50695,NA
LEUVEN_1_50696,NA
LEUVEN_1_50697,NA
LEUVEN_1_50698,NA
LEUVEN_1_50699,NA
LEUVEN_1_50700,NA
LEUVEN_1_50701,NA
LEUVEN_1_50702,NA
LEUVEN_1_50703,NA
LEUVEN_1_50704,NA
LEUVEN_1_50705,NA
LEUVEN_1_50706,NA
LEUVEN_1_50707,NA
LEUVEN_1_50708,NA
LEUVEN_1_50709,NA
LEUVEN_1_50710,NA
LEUVEN_1_50711,NA
LEUVEN_2_50722,NA
LEUVEN_2_50723,NA
LEUVEN_2_50724,NA
LEUVEN_2_50725,NA
LEUVEN_2_50726,NA
LEUVEN_2_50727,NA
LEUVEN_2_50728,NA
LEUVEN_2_50730,NA
LEUVEN_2_50731,NA
LEUVEN_2_50732,NA
LEUVEN_2_50733,NA
LEUVEN_2_50734,NA
LEUVEN_2_50735,NA
LEUVEN_2_50736,NA
LEUVEN_2_50737,NA
LEUVEN_2_50738,NA
LEUVEN_2_50739,NA
LEUVEN_2_50740,NA
LEUVEN_2_50741,NA
LEUVEN_2_50742,NA
LEUVEN_2_50743,NA
LEUVEN_2_50744,NA
LEUVEN_2_50745,NA
LEUVEN_2_50746,NA
LEUVEN_2_50747,NA
LEUVEN_2_50748,NA
LEUVEN_2_50749,NA
LEUVEN_2_50750,NA
LEUVEN_2_50751,NA
LEUVEN_2_50752,NA
LEUVEN_2_50753,NA
LEUVEN_2_50754,NA
LEUVEN_2_50755,NA
LEUVEN_2_50756,NA
LEUVEN_2_50757,NA
MAX_MUN_51318,1
MAX_MUN_51319,1
MAX_MUN_51320,1
MAX_MUN_51321,1.5
MAX_MUN_51322,1
MAX_MUN_51323,1.25
MAX_MUN_51324,1.75
MAX_MUN_51325,1
MAX_MUN_51326,1.5
MAX_MUN_51327,1.5
MAX_MUN_51328,1
MAX_MUN_51329,1.25
MAX_MUN_51330,1.25
MAX_MUN_51331,1
MAX_MUN_51332,1
MAX_MUN_51333,1
MAX_MUN_51334,1
MAX_MUN_51335,1
MAX_MUN_51336,2
MAX_MUN_51338,1.75
MAX_MUN_51339,1
MAX_MUN_51340,1
MAX_MUN_51341,1.75
MAX_MUN_51342,2
MAX_MUN_51343,1
MAX_MUN_51344,2
MAX_MUN_51345,1.25
MAX_MUN_51346,1
MAX_MUN_51347,1
MAX_MUN_51348,3
MAX_MUN_51349,3
MAX_MUN_51350,3
MAX_MUN_51351,2.5
MAX_MUN_51352,4
MAX_MUN_51353,4
MAX_MUN_51354,1.75
MAX_MUN_51355,2.75
MAX_MUN_51356,2.25
MAX_MUN_51357,1
MAX_MUN_51358,3.5
MAX_MUN_51359,1.75
MAX_MUN_51360,1.5
MAX_MUN_51361,2.25
MAX_MUN_51362,1.25
MAX_MUN_51363,1
MAX_MUN_51364,1.25
MAX_MUN_51365,2
MAX_MUN_51366,1
MAX_MUN_51367,1
MAX_MUN_51368,1
MAX_MUN_51369,3
MAX_MUN_51370,1
MAX_MUN_51371,1.25
MAX_MUN_51372,1
MAX_MUN_51373,3
MAX_MUN_51606,1
MAX_MUN_51607,1
NYU_50952,2
NYU_50953,1.5
NYU_50954,1.5
NYU_50955,1.5
NYU_50956,1
NYU_50957,3
NYU_50958,2
NYU_50959,1
NYU_50960,1
NYU_50961,1.5
NYU_50962,2
NYU_50964,1
NYU_50965,3
NYU_50966,1.25
NYU_50967,1.25
NYU_50968,2.5
NYU_50969,2
NYU_50970,1
NYU_50971,1.75
NYU_50972,1.75
NYU_50973,1
NYU_50974,1.5
NYU_50975,3
NYU_50976,1.5
NYU_50977,1.5
NYU_50978,1.5
NYU_50979,2.5
NYU_50980,1.5
NYU_50981,2.5
NYU_50982,2.5
NYU_50983,2.5
NYU_50984,2
NYU_50985,1.5
NYU_50986,2
NYU_50987,3
NYU_50988,1.75
NYU_50989,3.25
NYU_50990,2.5
NYU_50991,1.25
NYU_50992,1.5
NYU_50993,1.25
NYU_50994,1.25
NYU_50995,1.25
NYU_50996,1.25
NYU_50997,1.5
NYU_50998,3
NYU_50999,1.75
NYU_51000,1.25
NYU_51001,2
NYU_51002,1.25
NYU_51003,2.75
NYU_51006,2.25
NYU_51007,1.25
NYU_51008,2.75
NYU_51009,2.5
NYU_51010,1.25
NYU_51011,2.75
NYU_51012,2.5
NYU_51013,1
NYU_51014,2
NYU_51015,1.25
NYU_51016,1.25
NYU_51017,2.5
NYU_51018,1
NYU_51019,1
NYU_51020,1
NYU_51021,2.5
NYU_51023,1.25
NYU_51024,1.25
NYU_51025,1.25
NYU_51026,1.75
NYU_51027,1.5
NYU_51028,1.5
NYU_51029,1.25
NYU_51030,2.75
NYU_51032,1.5
NYU_51033,3
NYU_51034,2.5
NYU_51035,2.75
NYU_51036,1.5
NYU_51038,1.75
NYU_51039,1.75
NYU_51040,1.75
NYU_51041,3
NYU_51042,1.5
NYU_51044,1.25
NYU_51045,2.5
NYU_51046,1.25
NYU_51047,1.25
NYU_51048,1.25
NYU_51049,1
NYU_51050,1.5
NYU_51051,1.5
NYU_51052,2
NYU_51053,1
NYU_51054,2
NYU_51055,2.5
NYU_51056,1.25
NYU_51057,1
NYU_51058,1
NYU_51059,1
NYU_51060,1
NYU_51061,1.25
NYU_51062,1.25
NYU_51063,1.25
NYU_51064,1.5
NYU_51065,1.5
NYU_51066,1.5
NYU_51067,1.25
NYU_51068,1.5
NYU_51069,1.75
NYU_51070,2.5
NYU_51071,3.25
NYU_51072,1.5
NYU_51073,1.5
NYU_51074,1.25
NYU_51075,2
NYU_51076,1.25
NYU_51077,1.25
NYU_51078,1.25
NYU_51079,1.25
NYU_51080,1.5
NYU_51081,1.5
NYU_51082,1.5
NYU_51083,1.5
NYU_51084,1.5
NYU_51085,1.5
NYU_51086,1.5
NYU_51087,1.5
NYU_51088,1.75
NYU_51089,2.5
NYU_51090,2.5
NYU_51091,1.5
NYU_51093,1.5
NYU_51094,1.75
NYU_51095,2.5
NYU_51096,1.25
NYU_51097,3
NYU_51098,2.5
NYU_51099,2.75
NYU_51100,2
NYU_51101,1.5
NYU_51102,1.25
NYU_51103,2
NYU_51104,1.75
NYU_51105,1.5
NYU_51106,1.75
NYU_51107,1.75
NYU_51108,1.75
NYU_51109,3
NYU_51110,1.5
NYU_51111,1.5
NYU_51112,1.5
NYU_51113,1.5
NYU_51114,1.75
NYU_51115,1.75
NYU_51116,2.5
NYU_51117,1.25
NYU_51118,2.5
NYU_51119,1
NYU_51120,3
NYU_51121,1.5
NYU_51122,1.5
NYU_51123,1.75
NYU_51124,1.75
NYU_51125,1.5
NYU_51126,1.5
NYU_51127,3.25
NYU_51128,1.5
NYU_51129,1.5
NYU_51130,1.75
NYU_51131,1.75
NYU_51146,1.5
NYU_51147,1.75
NYU_51148,1.5
NYU_51149,1.5
NYU_51150,1.5
NYU_51151,1.5
NYU_51152,1.5
NYU_51153,2.5
NYU_51154,1.5
NYU_51155,1.5
NYU_51156,1.75
NYU_51159,3
OHSU_50142,1.25
OHSU_50143,1.75
OHSU_50144,1
OHSU_50145,1.5
OHSU_50146,2.75
OHSU_50147,1
OHSU_50148,1
OHSU_50149,1
OHSU_50150,1.5
OHSU_50152,1.5
OHSU_50153,1
OHSU_50155,2.75
OHSU_50156,1
OHSU_50157,1
OHSU_50158,1
OHSU_50159,2.25
OHSU_50160,1.75
OHSU_50161,1.75
OHSU_50162,1.75
OHSU_50163,3
OHSU_50164,1
OHSU_50165,1
OHSU_50166,1
OHSU_50167,1.5
OHSU_50168,1
OHSU_50169,3
OHSU_50170,2.5
OHSU_50171,3.25
OLIN_50102,2.5
OLIN_50103,3
OLIN_50104,1.5
OLIN_50105,2
OLIN_50106,3
OLIN_50107,1
OLIN_50108,2.5
OLIN_50109,2.5
OLIN_50110,4
OLIN_50111,2
OLIN_50112,1.5
OLIN_50113,1.25
OLIN_50114,1.75
OLIN_50115,1.25
OLIN_50116,1.5
OLIN_50117,1.5
OLIN_50118,1.5
OLIN_50119,1.75
OLIN_50120,4
OLIN_50121,2
OLIN_50122,4
OLIN_50123,2.5
OLIN_50124,2
OLIN_50125,2.5
OLIN_50126,3.5
OLIN_50127,1.5
OLIN_50128,2.5
OLIN_50129,2.75
OLIN_50130,1.25
OLIN_50131,1.5
OLIN_50132,2
OLIN_50133,3.5
OLIN_50134,1.5
OLIN_50135,2.5
OLIN_50136,4
OLIN_50137,2.5
PITT_50002,1.25
PITT_50003,2.75
PITT_50004,1.25
PITT_50005,1.5
PITT_50006,2
PITT_50007,3
PITT_50008,1
PITT_50009,1.75
PITT_50010,1.5
PITT_50011,1.25
PITT_50012,1.5
PITT_50013,2.5
PITT_50014,2
PITT_50015,2.75
PITT_50016,1.75
PITT_50017,3.5
PITT_50019,1.75
PITT_50020,2.5
PITT_50022,2
PITT_50023,2
PITT_50024,1.5
PITT_50025,1.25
PITT_50026,2.5
PITT_50027,1.75
PITT_50028,2
PITT_50029,1
PITT_50030,1.25
PITT_50031,3
PITT_50032,1.75
PITT_50033,2.75
PITT_50034,1.5
PITT_50035,1.75
PITT_50036,3
PITT_50037,1.25
PITT_50038,2
PITT_50039,2
PITT_50040,1.25
PITT_50041,1.5
PITT_50042,1.75
PITT_50043,1.75
PITT_50044,1.75
PITT_50045,1.75
PITT_50046,1.75
PITT_50047,1.25
PITT_50048,2.5
PITT_50049,2.5
PITT_50050,1.5
PITT_50051,2.5
PITT_50052,2.5
PITT_50053,2.75
PITT_50054,2.5
PITT_50055,1.5
PITT_50056,1.75
PITT_50057,1.25
PITT_50058,2.5
PITT_50059,1.75
PITT_50060,1.25
SBL_51556,NA
SBL_51557,NA
SBL_51558,NA
SBL_51559,NA
SBL_51560,NA
SBL_51561,NA
SBL_51562,NA
SBL_51563,NA
SBL_51564,NA
SBL_51565,NA
SBL_51566,NA
SBL_51567,NA
SBL_51568,NA
SBL_51569,NA
SBL_51570,NA
SBL_51571,NA
SBL_51572,NA
SBL_51573,NA
SBL_51574,NA
SBL_51575,NA
SBL_51576,NA
SBL_51577,NA
SBL_51578,NA
SBL_51579,NA
SBL_51580,NA
SBL_51581,NA
SBL_51582,NA
SBL_51583,NA
SBL_51584,NA
SBL_51585,NA
SDSU_50182,3
SDSU_50183,1.25
SDSU_50184,2.5
SDSU_50185,4
SDSU_50186,3.25
SDSU_50187,1.25
SDSU_50188,2.5
SDSU_50189,3
SDSU_50190,3
SDSU_50191,3
SDSU_50192,3.75
SDSU_50193,1.25
SDSU_50194,2.5
SDSU_50195,3
SDSU_50196,1.75
SDSU_50197,4
SDSU_50198,2.75
SDSU_50199,1
SDSU_50200,3
SDSU_50201,3
SDSU_50202,2
SDSU_50203,1.5
SDSU_50204,2.5
SDSU_50205,1
SDSU_50206,2.5
SDSU_50207,3.25
SDSU_50208,1.5
SDSU_50209,2.5
SDSU_50210,1.5
SDSU_50211,4
SDSU_50212,3
SDSU_50213,2
SDSU_50214,1.25
SDSU_50215,2
SDSU_50216,3
SDSU_50217,3.25
STANFORD_51160,4
STANFORD_51161,3
STANFORD_51162,3
STANFORD_51163,3
STANFORD_51164,3
STANFORD_51165,3.25
STANFORD_51166,4
STANFORD_51167,2.5
STANFORD_51168,2
STANFORD_51169,3
STANFORD_51170,2.5
STANFORD_51171,3
STANFORD_51172,3
STANFORD_51173,3.75
STANFORD_51174,4
STANFORD_51175,3.25
STANFORD_51176,4
STANFORD_51177,2.5
STANFORD_51178,2.5
STANFORD_51179,3
STANFORD_51180,2
STANFORD_51181,3
STANFORD_51182,2.75
STANFORD_51183,3
STANFORD_51184,2.5
STANFORD_51185,3
STANFORD_51186,3.25
STANFORD_51187,3
STANFORD_51188,2.5
STANFORD_51189,3
STANFORD_51190,4
STANFORD_51191,4
STANFORD_51192,3
STANFORD_51193,3
STANFORD_51194,2
STANFORD_51195,4
STANFORD_51196,3.25
STANFORD_51197,3
STANFORD_51198,3
STANFORD_51199,3.75
TRINITY_50232,NA
TRINITY_50233,NA
TRINITY_50234,NA
TRINITY_50235,NA
TRINITY_50236,NA
TRINITY_50237,NA
TRINITY_50238,NA
TRINITY_50239,NA
TRINITY_50240,NA
TRINITY_50241,NA
TRINITY_50242,NA
TRINITY_50243,NA
TRINITY_50244,NA
TRINITY_50245,NA
TRINITY_50246,NA
TRINITY_50247,NA
TRINITY_50248,NA
TRINITY_50249,NA
TRINITY_50250,NA
TRINITY_50251,NA
TRINITY_50252,NA
TRINITY_50253,NA
TRINITY_50254,NA
TRINITY_50255,NA
TRINITY_50257,NA
TRINITY_50259,NA
TRINITY_50260,NA
TRINITY_50261,NA
TRINITY_50262,NA
TRINITY_50263,NA
TRINITY_50264,NA
TRINITY_50265,NA
TRINITY_50266,NA
TRINITY_50267,NA
TRINITY_50268,NA
TRINITY_50269,NA
TRINITY_50270,NA
TRINITY_50271,NA
TRINITY_51132,NA
TRINITY_51133,NA
TRINITY_51134,NA
TRINITY_51135,NA
TRINITY_51136,NA
TRINITY_51137,NA
TRINITY_51138,NA
TRINITY_51139,NA
TRINITY_51140,NA
TRINITY_51141,NA
TRINITY_51142,NA
UCLA_1_51201,3
UCLA_1_51202,2
UCLA_1_51203,2.5
UCLA_1_51204,1.75
UCLA_1_51205,1.25
UCLA_1_51206,1.75
UCLA_1_51207,2
UCLA_1_51208,1
UCLA_1_51209,3.25
UCLA_1_51210,2
UCLA_1_51211,3.25
UCLA_1_51212,3
UCLA_1_51213,4
UCLA_1_51214,1.5
UCLA_1_51215,3
UCLA_1_51216,2.5
UCLA_1_51217,2
UCLA_1_51218,1.25
UCLA_1_51219,2.5
UCLA_1_51220,2.5
UCLA_1_51221,2
UCLA_1_51222,1.5
UCLA_1_51223,1
UCLA_1_51224,1
UCLA_1_51225,2.5
UCLA_1_51226,2.5
UCLA_1_51227,3.25
UCLA_1_51228,2.75
UCLA_1_51229,1.25
UCLA_1_51230,1.75
UCLA_1_51231,1
UCLA_1_51234,2
UCLA_1_51235,1.25
UCLA_1_51236,2
UCLA_1_51237,1.5
UCLA_1_51238,3.25
UCLA_1_51239,2.5
UCLA_1_51240,1.5
UCLA_1_51241,1.5
UCLA_1_51248,1.75
UCLA_1_51249,2
UCLA_1_51250,3
UCLA_1_51251,2.5
UCLA_1_51252,2.5
UCLA_1_51253,2
UCLA_1_51254,1.5
UCLA_1_51255,2
UCLA_1_51256,2
UCLA_1_51257,2.5
UCLA_1_51258,3
UCLA_1_51259,2.5
UCLA_1_51260,2
UCLA_1_51261,1.25
UCLA_1_51262,1.75
UCLA_1_51263,2.5
UCLA_1_51264,1.25
UCLA_1_51265,2
UCLA_1_51266,2.5
UCLA_1_51267,1.25
UCLA_1_51268,2.5
UCLA_1_51269,1.25
UCLA_1_51271,2
UCLA_1_51272,1.75
UCLA_1_51273,1.25
UCLA_1_51274,3
UCLA_1_51275,1.25
UCLA_1_51276,2
UCLA_1_51277,1.25
UCLA_1_51278,3
UCLA_1_51279,1.25
UCLA_1_51280,1.25
UCLA_1_51281,2.5
UCLA_1_51282,3
UCLA_2_51291,1
UCLA_2_51292,3
UCLA_2_51293,1.75
UCLA_2_51294,1.25
UCLA_2_51295,3
UCLA_2_51296,4
UCLA_2_51297,3
UCLA_2_51298,1
UCLA_2_51299,3
UCLA_2_51300,1.25
UCLA_2_51301,3
UCLA_2_51302,2.5
UCLA_2_51303,1.5
UCLA_2_51304,2.5
UCLA_2_51305,3
UCLA_2_51306,1.25
UCLA_2_51307,1.25
UCLA_2_51308,1.25
UCLA_2_51309,2.75
UCLA_2_51311,1.25
UCLA_2_51312,4
UCLA_2_51313,1.75
UCLA_2_51314,4
UCLA_2_51315,1.25
UCLA_2_51316,4
UCLA_2_51317,3
UM_1_50272,3.75
UM_1_50273,1.75
UM_1_50274,2.5
UM_1_50275,1.5
UM_1_50276,1
UM_1_50277,3
UM_1_50278,2.5
UM_1_50279,1
UM_1_50280,1
UM_1_50281,2.75
UM_1_50282,1.25
UM_1_50283,4
UM_1_50284,2.75
UM_1_50285,1.25
UM_1_50286,1.25
UM_1_50287,1.5
UM_1_50288,3.25
UM_1_50289,1.25
UM_1_50290,2.5
UM_1_50291,1.5
UM_1_50292,1.5
UM_1_50293,2
UM_1_50294,2.5
UM_1_50295,2.25
UM_1_50296,3
UM_1_50297,2
UM_1_50298,2.5
UM_1_50299,4
UM_1_50300,2
UM_1_50301,1.25
UM_1_50302,2.5
UM_1_50303,4
UM_1_50304,3
UM_1_50305,3.75
UM_1_50306,3
UM_1_50307,2.75
UM_1_50308,2.5
UM_1_50309,4
UM_1_50310,1.5
UM_1_50311,3.25
UM_1_50312,3.25
UM_1_50313,4
UM_1_50314,1
UM_1_50315,1
UM_1_50316,3
UM_1_50317,4
UM_1_50318,1.5
UM_1_50319,1.25
UM_1_50320,2
UM_1_50321,1
UM_1_50322,4
UM_1_50323,4
UM_1_50324,2
UM_1_50325,2.5
UM_1_50326,3
UM_1_50327,1.5
UM_1_50328,1.5
UM_1_50329,1
UM_1_50330,2
UM_1_50331,1.75
UM_1_50332,2.5
UM_1_50333,2.5
UM_1_50334,1.75
UM_1_50335,1.25
UM_1_50336,1.25
UM_1_50337,3
UM_1_50338,1.25
UM_1_50339,1.75
UM_1_50340,1.5
UM_1_50341,1.25
UM_1_50342,2
UM_1_50343,2.5
UM_1_50344,1.75
UM_1_50345,1.75
UM_1_50346,1.5
UM_1_50347,1.75
UM_1_50348,1.75
UM_1_50349,1.5
UM_1_50350,1.5
UM_1_50351,1.75
UM_1_50352,3
UM_1_50353,1.5
UM_1_50354,3
UM_1_50355,1.5
UM_1_50356,1
UM_1_50357,1.5
UM_1_50358,1.75
UM_1_50359,3
UM_1_50360,1
UM_1_50361,1.5
UM_1_50362,1
UM_1_50363,3
UM_1_50364,2.5
UM_1_50365,1.5
UM_1_50366,2.75
UM_1_50367,2.5
UM_1_50368,1.5
UM_1_50369,1.75
UM_1_50370,2.5
UM_1_50371,3.25
UM_1_50372,1.5
UM_1_50373,3
UM_1_50374,1.75
UM_1_50375,1.75
UM_1_50376,2.5
UM_1_50377,2.5
UM_1_50378,2.5
UM_1_50379,1.75
UM_1_50380,1.75
UM_1_50381,2.5
UM_2_50382,1.5
UM_2_50383,3
UM_2_50385,1.75
UM_2_50386,1.25
UM_2_50387,3
UM_2_50388,1.75
UM_2_50390,2.5
UM_2_50391,1.25
UM_2_50397,1.75
UM_2_50399,1.75
UM_2_50402,2
UM_2_50403,2.75
UM_2_50404,1.75
UM_2_50405,1.75
UM_2_50406,2.5
UM_2_50407,2.75
UM_2_50408,2
UM_2_50410,2.75
UM_2_50411,2.75
UM_2_50412,2.75
UM_2_50413,2
UM_2_50414,2
UM_2_50415,2
UM_2_50416,2.5
UM_2_50417,2.5
UM_2_50418,2
UM_2_50419,2
UM_2_50421,2
UM_2_50422,2.75
UM_2_50423,2.75
UM_2_50424,1.75
UM_2_50425,2
UM_2_50426,1.75
UM_2_50427,1.25
UM_2_50428,3
USM_50432,NA
USM_50433,NA
USM_50434,NA
USM_50435,NA
USM_50436,NA
USM_50437,NA
USM_50438,NA
USM_50439,NA
USM_50440,NA
USM_50441,NA
USM_50442,NA
USM_50443,NA
USM_50444,NA
USM_50445,NA
USM_50446,NA
USM_50447,NA
USM_50448,NA
USM_50449,NA
USM_50450,NA
USM_50451,NA
USM_50452,NA
USM_50453,NA
USM_50454,NA
USM_50455,NA
USM_50456,NA
USM_50457,NA
USM_50458,NA
USM_50459,NA
USM_50460,NA
USM_50461,NA
USM_50462,NA
USM_50463,NA
USM_50464,NA
USM_50465,NA
USM_50466,NA
USM_50467,NA
USM_50468,NA
USM_50469,NA
USM_50470,NA
USM_50471,NA
USM_50472,NA
USM_50473,NA
USM_50474,NA
USM_50475,NA
USM_50476,NA
USM_50477,NA
USM_50478,NA
USM_50479,NA
USM_50480,NA
USM_50481,NA
USM_50482,NA
USM_50483,NA
USM_50484,NA
USM_50485,NA
USM_50486,NA
USM_50487,NA
USM_50488,NA
USM_50489,NA
USM_50490,NA
USM_50491,NA
USM_50492,NA
USM_50493,NA
USM_50494,NA
USM_50495,NA
USM_50496,NA
USM_50497,NA
USM_50498,NA
USM_50499,NA
USM_50500,NA
USM_50501,NA
USM_50502,NA
USM_50503,NA
USM_50504,NA
USM_50505,NA
USM_50506,NA
USM_50507,NA
USM_50508,NA
USM_50509,NA
USM_50510,NA
USM_50511,NA
USM_50512,NA
USM_50513,NA
USM_50514,NA
USM_50515,NA
USM_50516,NA
USM_50517,NA
USM_50518,NA
USM_50519,NA
USM_50520,NA
USM_50521,NA
USM_50522,NA
USM_50523,NA
USM_50524,NA
USM_50525,NA
USM_50526,NA
USM_50527,NA
USM_50528,NA
USM_50529,NA
USM_50530,NA
USM_50531,NA
USM_50532,NA
YALE_50551,1.5
YALE_50552,1
YALE_50553,2.5
YALE_50554,2.5
YALE_50555,1
YALE_50556,2.5
YALE_50557,1.75
YALE_50558,1
YALE_50559,3
YALE_50560,2.75
YALE_50561,3
YALE_50562,3
YALE_50563,2.5
YALE_50564,2.75
YALE_50565,2.5
YALE_50566,2.5
YALE_50567,1.25
YALE_50568,1.5
YALE_50569,1.25
YALE_50570,1.75
YALE_50571,2.5
YALE_50572,1.25
YALE_50573,1.5
YALE_50574,1.75
YALE_50575,2.5
YALE_50576,2.5
YALE_50577,2.5
YALE_50578,1.75
YALE_50601,1.25
YALE_50602,2.5
YALE_50603,1.25
YALE_50604,2.75
YALE_50605,3
YALE_50606,3
YALE_50607,1.25
YALE_50608,2
YALE_50609,2.5
YALE_50610,2.5
YALE_50611,1.75
YALE_50612,2.5
YALE_50613,2
YALE_50614,1
YALE_50615,1.75
YALE_50616,1.75
YALE_50617,3.25
YALE_50618,4
YALE_50619,1
YALE_50620,2.5
YALE_50621,2.5
YALE_50622,2.5
YALE_50623,1
YALE_50624,1.75
YALE_50625,1.75
YALE_50626,1.25
YALE_50627,2.5
YALE_50628,1.5
A01,1
A02,2.5
A03,1.5
A04,2
A05,1.5
A06,1
A07,1
A08,2.5
A09,1
A10,3
A11,1.5
A12,1.5
A13,1
A14,3
A15,2
A16,1
A17,1.75
A18,1.5
A19,1
A20,2.5
A21,3
A22,1.75
A23,3
A24,3
A25,1.5
A26,2
A27,1.25
A28,1.5
A29,2.75
A30,2
A31,2
A32,2
A33,2.5
A34,1.5
A35,1.5
A36,3.75
A37,2.5
A38,1.25
A39,3
A40,1.25
A41,2
A42,2.5
A43,1
A44,4
A45,1
A46,1.5
A47,1
A48,1.5
A49,2.5
A50,1
A51,1.25
A52,4
A53,1.25
A54,1.5
A55,1.5
A56,1.75
C01,2
C02,1.25
C03,1.5
C04,1
C05,1
C06,2
C07,1
C08,1.25
C09,1
C10,1.25
C11,1
C12,2
C13,2
C14,1.5
C15,1
C16,2
C17,2
C18,2.5
C19,1.5
C20,1.5
C21,2.5
C22,1.5
C23,1.5
C24,1.5
C25,2
C26,2.5
C27,2.75
C28,2
C29,1.5
C30,1
C31,1.25
C32,1
C33,2
C34,1.5
C35,2
C36,1.75
C37,2.5
C38,1.25
C39,1.75
C40,1.25
NIMH_9216,1.5
NIMH_9219,1.5
NIMH_9222,2.25
NIMH_9224,1.5
NIMH_9225,1.5
NIMH_9226,1.5
NIMH_9227,1
NIMH_9230,1
NIMH_9232,1.25
NIMH_9234,1.25
NIMH_9237,2.75
NIMH_9238,1.5
NIMH_9239,2.25
NIMH_9241,1.25
NIMH_9242,3
NIMH_9246,1
NIMH_9249,1.25
NIMH_9250,2.75
NIMH_9252,1
NIMH_9254,1
NIMH_9256,1.25
NIMH_9257,1
NIMH_9258,1.25
NIMH_9259,1.25
NIMH_9260,2.75
NIMH_9264,2.25
NIMH_9267,2.25
NIMH_9268,1.25
NIMH_9270,2.5
NIMH_9272,1.5
NIMH_9274,1
NIMH_9279,1.5
NIMH_9281,2
NIMH_9282,1.5
NIMH_9285,2
NIMH_9286,2.5
NIMH_9288,1.25
NIMH_9289,1.25
NIMH_9299,1.5
NIMH_9308,2.5
NIMH_9309,1
NIMH_9311,1.25
NIMH_9312,2.25
NIMH_9313,2.25
NIMH_9314,1.5
NIMH_9317,2.75
NIMH_9322,2.25
NIMH_9323,1.25
NIMH_9326,2.5
NIMH_9327,2.5
NIMH_9328,1.5
NIMH_9330,2
NIMH_9335,1.5
NIMH_9336,1.5
NIMH_9338,2.75
NIMH_9340,2.25
NIMH_9344,1
NIMH_9345,1
NIMH_9346,1.25
NIMH_9349,1
NIMH_9350,1.25
NIMH_9351,1.25
NIMH_9353,1.5
NIMH_9354,1.25
NIMH_9355,1
NIMH_9357,1.5
NIMH_9359,1
NIMH_9361,1.5
NIMH_9362,2.25
NIMH_9363,1.25
NIMH_9364,1
NIMH_9367,2
NIMH_9369,2.25
NIMH_9370,1
NIMH_9372,1
NIMH_9376,1
NIMH_9377,3.5
NIMH_9382,1.5
NIMH_9383,2.75
NIMH_9384,2.75
NIMH_9388,1.5
NIMH_9389,2.75
NIMH_9394,2.5
NIMH_9396,1.25
NIMH_9397,2.75
NIMH_9399,1.5
NIMH_9601,1.25
NIMH_9605,1
NIMH_9606,1.5
NIMH_9607,2
NIMH_9608,1.25
NIMH_9609,2.75
NIMH_9611,1
NIMH_9612,1.5
NIMH_9614,1.25
NIMH_9615,2.25
NIMH_9617,3
NIMH_9618,1
NIMH_9619,1
NIMH_9620,1
NIMH_9625,1.5
NIMH_9626,1
NIMH_9627,3
NIMH_9629,2
NIMH_9633,1
NIMH_9634,1.5
NIMH_9635,2
NIMH_9638,1.5
NIMH_9640,2
NIMH_9642,1.25
NIMH_9645,1.5
NIMH_9646,1.25
NIMH_9647,1.5
NIMH_9651,1.25
NIMH_9657,1.25
NIMH_9662,1.5
NIMH_9667,1.5
NIMH_9668,1
NIMH_9670,1
NIMH_9672,1.5
NIMH_9674,1.25
NIMH_9676,2.5
NIMH_9677,1.5
NIMH_9678,1.5
NIMH_9681,1
NIMH_9687,1.5
NIMH_9688,1.25
NIMH_9692,1.5
NIMH_9693,1
NIMH_9695,1.5
d8_0001_04,1
d8_0002_03,1
d8_0003_02,1.25
d8_0004_01,1
d8_0005_02,2.5
d8_0006_03,1.5
d8_0007_03,1.25
d8_0008_01,1.5
d8_0009_01,1
d8_0010_05,1.75
d8_0011_02,1
d8_0012_02,1.25
d8_0013_01,3
d8_0014_02,1.75
d8_0015_02,2.75
d8_0016_02,1.25
d8_0019_01,1.25
d8_0020_01,1.75
d8_0021_01,2.5
d8_0022_05,2.75
d8_0025_05,2.5
d8_0026_01,2.5
d8_0027_03,2.5
d8_0028_03,1.25
d8_0029_02,1.25
d8_0030_01,1.75
d8_0031_04,1.75
d8_0032_02,1.5
d8_0033_01,1.25
d8_0034_02,2.5
d8_0035_01,1.25
d8_0036_01,1
d8_0037_01,2.5
d8_0038_01,2.5
d8_0039_01,1.5
d8_0040_04,1
d8_0041_03,1.75
d8_0042_01,1.75
d8_0043_01,1
d8_0044_04,1
d8_0045_04,1.25
d8_0046_01,2.75
d8_0047_01,1
d8_0048_01,1
d8_0049_01,1
d8_0050_02,1.25
d8_0051_01,1.5
d8_0052_01,1.25
d8_0054_02,1
d8_0055_03,2.5
d8_0056_03,1.25
d8_0057_01,1
d8_0058_01,1.25
d8_0060_01,1.25
d8_0061_03,1.75
d8_0062_01,1.25
d8_0063_03,1
d8_0064_02,1.75
d8_0065_03,1.25
d8_0066_01,1
d8_0067_03,1
d8_0068_01,2.5
d8_0069_01,1.25
d8_0070_01,2.5
d8_0071_01,1.25
d8_0072_01,1.75
d8_0073_01,1
d8_0074_01,1
d8_0075_02,1.25
d8_0076_04,1
d8_0077_01,1.25
d8_0078_01,1.25
d8_0079_04,1.25
d8_0080_01,1
d8_0081_01,1.5
d8_0082_03,1
d8_0083_01,1.25
d8_0084_03,1
d8_0086_01,2.5
d8_0087_01,1.75
d8_0088_02,1
d8_0089_03,1
d8_0090_01,1.25
d8_0091_03,1.5
d8_0092_01,2
d8_0093_01,1.25
d8_0094_03,2.5
d8_0095_01,1.25
d8_0096_01,1.25
d8_0097_01,1
d8_0098_03,1
d8_0099_01,1
d8_0100_01,1
d8_0101_01,1.25
d8_0102_01,1.25
d8_0103_03,2.5
d8_0104_03,2.5
d8_0105_01,1.25
d8_0107_01,1
d8_0108_01,2
d8_0109_01,1.75
d8_0110_01,1
d8_0111_01,1
d8_0112_01,1
d8_0113_01,1
d8_0114_01,1.25
d8_0115_01,1
d8_0116_01,1.25
d8_0117_01,1
d8_0118_01,1.25
d8_0119_01,1
d8_0120_01,1.25
d8_0121_01,1
d8_0124_01,1
d8_0126_01,1.25
d8_0129_01,1.25
d8_0130_01,1
d8_0132_01,1.25
d8_0133_01,1
d8_0134_01,1
d8_0135_01,1
d8_0136_01,1.25
d8_0137_01,1
d8_0138_01,1.25
d8_0139_01,1
d8_0140_01,1.25
d8_0141_01,1.25
d8_0142_01,1
d8_0143_01,1.25
d8_0144_01,1.25
d8_0145_01,1.25
d8_0147_01,1
d8_0148_01,1.5
d8_0149_01,1
d8_0150_01,1
d8_0151_01,1.75
d8_0152_01,2.75
d8_0153_01,2.5
d8_0154_01,2.5
d8_0155_01,1.75
d8_0156_01,1
d8_0157_01,1.75
d8_0160_01,1.75
d8_0161_02,1.25
d8_0163_01,1.25
d8_0164_01,1.25
d8_0165_01,1.5
d8_0166_01,1.75
d8_0167_01,2.5
d8_0168_01,1.75
d8_0169_02,2.5
d8_0170_01,1.25
d8_0171_01,1.25
d8_0172_01,1.25
d8_0173_01,2
d8_0174_01,1.75
d8_0175_01,1.25
d8_0176_01,1
d8_0177_01,1.25
d8_0178_01,2.5
d8_0179_01,2.5
d8_0180_01,1.25
d8_0181_01,1
d8_0182_01,1.25
d8_0183_01,1
d8_0184_01,2.5
d8_0185_01,2.5
d8_0186_01,1.75
d8_0187_01,1.25
d8_0188_01,2.5
d8_0189_01,1.25
d8_0190_01,1
d8_0191_01,1
d8_0192_01,1.25
d8_0193_01,1.75
d8_0194_01,1.25
d8_0195_01,2
d8_0196_01,1.5
d8_0197_01,1.25
d8_0198_01,1.25
d8_0199_02,2.5
d8_0200_01,1.25
d8_0201_01,1
d8_0202_01,1
d8_0203_01,1
d8_0204_01,1.25
d8_0205_01,1.75
d8_0206_02,1.75
d8_0207_01,1
d8_0208_01,1
d8_0209_01,1
d8_0210_01,1.25
d8_0212_01,1
d8_0214_01,1
d8_0215_01,1
d8_0216_01,1.25
d8_0217_01,1
d8_0218_01,1
d8_0219_01,1.25
d8_0221_01,2
d8_0222_01,1
d8_0223_01,2
d8_0224_01,1
d8_0225_01,1
d8_0228_01,1.25
d8_0230_02,3
d8_0231_01,1
d8_0232_01,1
d8_0233_01,1.25
d8_0234_01,1.5
d8_0235_01,1.25
d8_0236_01,1.5
d8_0246_01,1
d8_0247_01,1.25
d8_0248_01,1.5
d8_0249_01,1
d8_0250_01,1
d8_0251_01,1
d8_0252_01,1
d8_0253_01,1
d8_0254_01,1
d8_0255_01,1
d8_0256_01,1
d8_0257_01,1
d8_0260_01,1
d8_0261_01,1.75
d8_0262_01,1
d8_0263_01,1
d8_0264_01,1
d8_0265_01,1
d8_0266_01,1
d8_0267_01,2.5
d8_0268_01,2.5
d8_0269_01,1
d8_0270_01,1.25
d8_0271_01,1.25
d8_0272_01,1.25
d8_0273_01,1.5
d8_0274_01,1.25
d8_0275_01,1.25
d8_0276_01,1
d8_0277_01,1
d8_0278_01,1.25
d8_0279_01,1.75
d8_0280_01,1
d8_0281_01,1.25
d8_0282_01,1
d8_0283_01,1
d8_0284_01,1.25
d8_0285_01,1
d8_0286_01,1
d8_0287_01,1
d8_0288_01,1
d8_0289_01,1
d8_0290_01,1
d8_0291_01,1
d8_0292_01,1
d8_0293_01,1
d8_0294_01,1.5
d8_0295_01,1
d8_0296_01,1
d8_0297_01,1
d8_0298_01,1.25
d8_0299_01,1.25
d8_0300_01,1
d8_0302_01,2.5
d8_0303_02,2.5
d8_0304_01,2.75
d8_0306_01,2.5
d8_0307_01,1.5
d8_0308_01,1.25
d8_0309_01,2.5
d8_0310_01,1.25
d8_0311_01,1.5
d8_0312_01,2.5
d8_0313_01,1.25
d8_0314_01,1
d8_0315_01,2.5
d8_0316_01,2.5
d8_0317_01,1
d8_0318_01,2.75
d8_0319_01,2.5
d8_0320_01,1.25
d8_0321_01,1
d8_0322_01,1.5
d8_0323_01,1
d8_0324_01,1
d8_0325_02,2.75
d8_0326_01,3
d8_0327_01,2.5
d8_0328_01,3.25
d8_0329_01,3.75
d8_0330_01,2.5
d8_0332_01,2.75
d8_0333_01,1
d8_0334_01,2.5
d8_0335_01,1
d8_0336_01,2.75
d8_0337_01,2.5
d8_0338_01,2
d8_0339_01,1.5
d8_0340_01,2.75
d8_0341_01,1.25
d8_0343_01,1.25
d8_0344_01,1
d8_0345_01,1.5
d8_0346_02,1
d8_0347_01,1.25
d8_0348_01,2.5
d8_0349_02,2.75
d8_0351_01,1.75
d8_0352_01,1.25
d8_0354_01,2.5
d8_0357_01,2.75
d8_0359_02,2.5
d8_0360_01,1.25
d8_0361_01,1
d8_0362_01,1.5
d8_0366_01,1
d8_0368_01,1
d8_0369_01,1
d8_0370_01,1
d8_0373_01,2.5
d8_0374_01,1.25
d8_0376_01,1
d8_0377_01,1
d8_0378_01,1
d8_0379_01,1
d8_0380_01,1
d8_0381_01,1
d8_0382_01,1.5
d8_0383_01,2.5
d8_0385_01,1.25
d8_0386_01,1
d8_0387_01,2
d8_0388_01,1.5
d8_0389_02,1.75
d8_0390_01,1
d8_0391_01,1
d8_0392_01,2.5
d8_0393_01,1
d8_0394_01,1
d8_0399_01,2
d8_0402_01,1
d8_0412_01,1.25
d8_0415_01,1.75
d8_0416_01,1.75
d8_0419_01,2.5
d8_0420_02,1
d8_0422_01,NA
d8_0423_01,2.5
d8_0424_01,1.75
d8_0425_01,1.25
d8_0426_01,2.75
d8_0427_01,1.25
d8_0428_01,1
d8_0429_01,2.5
d8_0430_01,3
d8_0431_01,1.25
d8_0432_01,1.5
d8_0433_02,2.5
d8_0434_01,2.5
d8_0435_01,2
d8_0436_01,1
d8_0437_01,3
d8_0438_01,2.5
d8_0439_02,2.5
d8_0440_01,2.75
d8_0441_01,1
d8_0442_01,2.5
d8_0443_01,1
d8_0444_01,1.25
d8_0446_01,2.5
d8_0447_02,1.25
d8_0448_01,2.5
d8_0449_02,1
d8_0450_01,1
d8_0451_01,1
d8_0452_01,2.5
d8_0453_02,1.5
d8_0454_01,1.25
d8_0456_01,1
d8_0457_01,2.75
d8_0460_01,1
d8_0461_01,1
d8_0462_01,1
d8_0464_01,1
d8_0465_01,1
d8_0466_01,2.5
d8_0467_01,1
d8_0468_01,1
d8_0469_01,1
d8_0656_01,1
d8_0657_01,1
d8_0658_01,1
d8_0659_01,1
d8_0660_01,1
d8_0661_01,1
d8_0662_01,2
d8_0663_01,1.5
d8_0664_01,1
d8_0665_01,1
d8_0666_01,1
d8_0667_01,1.25
d8_0668_01,1.75
d8_0669_01,1
d8_0670_01,1
d8_0671_01,2.5
d8_0672_01,1
d8_0673_01,2
d8_0674_01,1
d8_0675_01,2
d8_0676_01,1
d8_0677_01,1
d8_0678_01,1
d8_0679_01,1
d8_0680_01,2.5
d8_0681_01,1.25
d8_0682_02,2.5
d8_0683_01,1
d8_0684_01,1
d8_0685_01,1.5
d8_0686_01,1
d8_0687_01,1
d8_0688_01,1
d8_0689_01,1
d8_0691_01,2
d8_0692_01,1
d8_0693_01,1
d8_0694_01,2.5
d8_0695_01,2.5
d8_0696_01,1.5
d8_0697_01,2.5
d8_0699_01,1.75
d8_0700_01,1.5
d8_0701_01,1
d8_0702_01,1.25
d8_0703_01,1
d8_0704_01,2.5
d8_0705_01,2.5
d8_0706_02,2.5
d8_0707_01,1
d8_0708_01,1
d8_0709_01,1.25
d8_0710_02,2
d8_0711_01,1.25
d8_0712_01,2
d8_0713_02,1
d8_0715_01,1.5
d8_0716_01,1
d8_0717_01,1
d8_0718_01,2.5
d8_0719_01,1.5
d8_0720_01,2.5
d8_0721_01,1
d8_0722_01,1
d8_0723_01,1
d8_0724_01,1.5
d8_0725_01,2
d8_0726_01,1
d8_0727_01,1
d8_0728_01,1
d8_0729_01,2.5
d8_0730_01,1.25
d8_0731_01,1.25
d8_0732_01,1.5
d8_0733_01,1
d8_0734_01,1
d8_0735_01,2.5
d8_0736_01,1.5
d8_0737_01,2.5
d8_0738_01,1.25
d8_0739_01,1.25
d8_0740_01,2.5
d8_0741_01,1
d8_0742_01,1.25
d8_0744_01,1
d8_0745_01,1
d8_0746_02,1
d8_0747_01,1
d8_0748_01,1.25
d8_0749_01,1.25
d8_0750_01,1
d8_0751_01,1
d8_0752_01,1
d8_0753_02,1
d8_0754_01,1.25
d8_0755_01,1.25
d8_0756_01,1.75
d8_0757_01,1
d8_0758_01,1
d8_0759_01,2.5
d8_0760_01,1
d8_0761_01,1
d8_0762_01,1
d8_0763_01,1
d8_0764_01,1
d8_0765_01,1
d8_0766_01,1
d8_0767_01,2.5
d8_0768_01,2.5
d8_0769_01,1
d8_0770_01,1
d8_0771_01,2.5
d8_0772_01,1.75
d8_0773_01,1.25
d8_0774_01,1.25
d8_0775_01,1.75
d8_0777_01,2.5
d8_0780_01,1.25
d8_0781_02,1
d8_0783_01,1.25
d8_0784_01,1.25
d8_0785_01,1.5
d8_0786_01,1
d8_0787_01,1
d8_0788_01,1
d8_0789_01,1
d8_0790_01,1.25
d8_0791_01,1
d8_0792_01,1
11005,1
11008,1
11009,1
11011,1.25
11012,1
11013,1
11014,1
11015,1.25
11017,1
11018,2
11019,1
11020,1
11023,1
11024,1
11025,1
11026,1
11028,1
11029,1
11030,1
11031,1.25
11032,1.75
11033,1
11034,1
11035,1.25
11037,1
11038,1.25
11040,1
11041,1
11042,1
11043,2.25
11044,1
11045,1.25
11046,1
11047,1
11048,1
11049,1
11050,1
11051,1
11053,1
11054,1.25
11055,1
12001,1
12002,1
12004,1
12005,1
12006,1
12007,1
12008,1
12009,1
12010,1
12011,1.25
12012,1
12013,1
12014,1
12015,2.5
12016,1.25
12017,1.25
12018,1
12021,1
12022,1
12023,1.25
12025,1
12026,1
12027,1.5
12028,1
12030,1.25
12031,1
12032,1.25
12034,1
12036,3
12037,1
12038,1
12040,1.25
21001,1
21002,1
21005,1
21006,1.25
21007,1.25
21009,1
21010,1
21012,1
21013,1
21014,1
21015,3
21016,1.25
21018,3
21023,1
21024,1.75
21025,1
21026,1
21027,1
21028,3
21029,1
21031,2.75
21033,1
21034,3
21036,1
21038,3
21039,2.5
21040,1
21041,2.25
21042,1
21044,1.5
21045,1
21047,1
21048,3
21049,1.5
21050,1.5
21052,1
21053,1
21054,1
21055,1
21056,1
21057,2
21059,1
21060,1
22001,1.5
22002,1
22005,1
22006,1
22007,1
22009,1
22013,1
22017,1
22019,1
22021,1.25
22022,1
22023,1.75
22025,1
22026,1
22027,1
22030,1.5
22031,1.25
22034,1.25
22035,3
22038,1.25
22039,1
22040,1.5
22041,1
22044,1
22045,1.75
22046,2
22047,1
22049,1.5
22050,1
31002,1.5
31003,1
31004,1
31005,1
31008,1
31009,2.25
31010,1
31012,1
31014,1
31015,1.25
31016,1
31017,1
31018,1
31019,1
31020,1
31021,1
31022,1.25
31025,1.25
31026,1
31030,1
31031,1
32001,1.25
32002,1
32003,1
32004,2
32005,1
32007,1
32009,1
32010,1
32012,1
32013,1.25
32014,1
32015,1
32016,1
32017,1.75
32018,1
32020,1
32021,1
32022,1
32023,1
32024,1
32025,1
32026,1
32027,1
32028,1
32029,1.25
32030,1
32031,1
32032,1
32034,1
32035,1
32036,1
32037,1
32038,1
41003,1
41004,1
41006,1
41007,1
41008,1
41010,2
41013,1
41014,1.25
41015,1.25
41016,1.5
41017,1
41018,1.25
41019,1.25
41022,1
41023,1
41024,1
41025,1.25
41026,2.5
41028,1
41029,3
41030,1
41031,3
42001,1
42002,1
42003,1
42004,1.5
42005,1.5
42006,1.5
42007,1
42008,1.25
42009,1
42011,1
42013,1
42014,3
42015,1
42016,1.75
42020,1.25
42021,1
42022,1.25
42024,1
42025,1
42026,2.75
42028,1
42029,1
42030,1
42031,1.25
42032,2.25
42033,1
42034,1
42035,1.5
42036,2.25
42037,1.75
42039,1.75
42040,1
